{
    "loss": 9.289061546325684,
    "accuracy": 0.5035971403121948
}